Внутренняя нумерация,Дата отгрузки,№ Заказа,Клиент,Номенклатура,Профиль,Марка,Размер мм.,Длина,Кол-во тн в заказе,ИТОГО остаток к выполнению,Взято со склада (тн),ИТОГО остатка к завершению,Тех. отходы 2,Дел. Остатки 2,КИМ 2,Исходная Номенклатура/ наличие,Профиль,НТД,Марка стали,Размер,Длина,Исх. Остаток ст. (тн),Взято из остатка (тн),Свободный остаток (тн),Тех. отходы 3,Дел. Остатки 3,КИМ 3,ИТОГО остатка к завершению 3,Исходная Номенклатура/ ожидание,Профиль,Марка,Размер,Кол-во тн.,Длина,Дата размещения,Поставщик,Ожидаемая дата поставки
11,15.01.2026,АР-353/0011,МЕТАЛЛОТОРГ АО,"ГОСТ 4543-2016/ГОСТ 7417-75 круг 56,0мм ст.40Хх6000 h11 В НГ МД консервация без упаковки",Круг,ст.40Х,56,МД 6000,2,"0,254",0,"0,263",0,0,0,,,,,,,,,,,,,,,,,,,,,,
63,20.02.2026,АР-353/0006,МЗКТ ОАО,"ГОСТ 1050-2013/ГОСТ 8560-78 шестигранник 27,0мм ст.35 h11 В НГ Н/Д консервация без упаковки",Шестигранник,ст.35,27,НД,3,"1,196",0,"1,238",0,0,0,,,,,,,,,,,,,,,,,,,,,,
69,20.02.2026,АР-353/0006,МЗКТ ОАО,"ГОСТ 4543-2016/ГОСТ 8560-78 шестигранник 27,0мм ст.40Х h11 В НГ Н/Д консервация без упаковки",Шестигранник,ст.40Х,27,НД,1,1,0,"1,035",0,0,0,,,,,,,,,,,,,,,,,,,,,,
72,25.02.2026,АР-026/0001,ПРОМКАЛИБР ООО,"ГОСТ 1050-2013/ГОСТ 7417-75 круг 22,0мм ст.45 h11 В НГ Н/Д консервация без упаковки",Круг,ст.45,22,НД,2,"0,218","0,225",0,"0,007",0,"0,969","Круг г/к 24,0мм ст.45 В1 2ГП НД,",круг,ГОСТ 1050-2013 / ГОСТ 2590-2006,ст.45,24,НД,"4,85","0,22","4,63",,,,,,,,,,,,,
76,25.02.2026,АР-026/0001,ПРОМКАЛИБР ООО,"ГОСТ 1050-2013/ГОСТ 8560-78 шестигранник 22,0мм ст.45 h11 В НГ Н/Д консервация без упаковки",Шестигранник,ст.45,22,НД,2,2,0,"2,07",0,0,0,,,,,,,,,,,,,,,,,,,,,,
89,25.02.2026,АР-026/0003,МашПромКомплект,"ГОСТ 1050-2013/ГОСТ 7417-75 круг 45,0мм ст.45х4300 h11 В М2-ТВ2-ТО М/Д консервация без упаковки",Круг,ст.45,45,МД 4300,15,"3,82","0,29","3,702","0,117","0,068","0,954","Круг г/к 46,0мм ст.45 В1 2ГП МД 4500,",круг,ГОСТ 1050-2013 / ГОСТ 2590-2006,ст.45,46,МД 4500,"0,29","0,29","0,00",,,,,,,,,,,,,
98,25.02.2026,АР-033/0001,МЕТАЛЛСЕРВИС АО,"ГОСТ 1050-2013/ГОСТ 7417-75 круг 50,0мм ст.45 h11 В НГ Н/Д консервация без упаковки",Круг,ст.45,50,НД,8,"0,6","0,619",0,"0,018","0,001","0,969","Круг г/к 52,0мм ст.45 В1 2ГП МД 6000,",круг,ГОСТ 1050-2013 / ГОСТ 2590-2006,ст.45,52,МД 6000,"1,32","0,62","0,70",,,,,,,,,,,,,
105,25.02.2026,АР-048/0003,"ООО ""ИМЗ-ТРЕЙД""","ГОСТ 4543-2016/ГОСТ 7417-75 круг 26,0мм ст.40Хх5560 h11 Б НГ М/Д НВ 179-229 консервация без упаковки",Круг,ст.40Х,26,МД 5560,21,"1,481",0,"1,545",0,0,0,,,,,,,,,,,,,,,,,,,,,,
122,25.02.2026,АР-048/0013,МЕТАЛЛОТОРГ АО,"ГОСТ 1050-2013/ГОСТ 7417-75 круг 25,0мм ст.20 h11 В НГ Н/Д консервация без упаковки",Круг,ст.20,25,НД,2,"0,706",0,"0,728",0,0,0,,,,,,,,,,,,,,,,,,,,,,
146,25.02.2026,АР-048/0010,МЕТАЛЛОТОРГ АО,"ГОСТ 1050-2013/ГОСТ 7417-75 круг 30,0мм ст.20 h11 В НГ Н/Д консервация без упаковки",Круг,ст.20,30,НД,4,"0,93","0,96",0,"0,028","0,001","0,969","Круг г/к 32,0мм ст.20 В1 2ГП МД 6000,",круг,ГОСТ 1050-2013 / ГОСТ 2590-2006,ст.20,32,МД 6000,"6,93","0,96","5,97",,,,,,,,,,,,,
150,25.02.2026,АР-048/0010,МЕТАЛЛОТОРГ АО,"ГОСТ 1050-2013/ГОСТ 8560-78 шестигранник 30,0мм ст.20 h11 В НГ Н/Д консервация без упаковки",Шестигранник,ст.20,30,НД,2,2,0,"2,07",0,0,0,,,,,,,,,,,,,,,,,,,,,,
176,25.02.2026,АР-048/0007,МашПромКомплект,"ГОСТ 1050-2013/ГОСТ 8560-78 шестигранник 22,0мм ст.35х3000 h11 В НГ М2 ТВ2 М/Д конс. без упак.",Шестигранник,ст.35,22,МД 3000,2,2,0,"2,091",0,0,0,,,,,,,,,,,,,,,,,,,,,,
177,25.02.2026,АР-048/0007,МашПромКомплект,"ГОСТ 1050-2013/ГОСТ 8560-78 шестигранник 27,0мм ст.35х3000 h11 В НГ М2 ТВ2 М/Д конс. без упак.",Шестигранник,ст.35,27,МД 3000,2,2,0,"2,091",0,0,0,,,,,,,,,,,,,,,,,,,,,,
178,25.02.2026,АР-048/0007,МашПромКомплект,"ГОСТ 1050-2013/ГОСТ 8560-78 шестигранник 30,0мм ст.35х3000 h11 В НГ М2 ТВ2 М/Д конс. без упак.",Шестигранник,ст.35,30,МД 3000,2,2,0,"2,091",0,0,0,,,,,,,,,,,,,,,,,,,,,,
185,25.02.2026,АР-048/0002,МЕТАЛЛОТОРГ АО,"ГОСТ 1050-2013/ГОСТ 7417-75 круг 60,0мм ст.45 h11 В НГ Н/Д консервация без упаковки",Круг,ст.45,60,НД,5,"0,868",0,"0,896",0,0,0,,,,,,,,,,,,,,,,,,,,,,
186,25.02.2026,АР-048/0002,МЕТАЛЛОТОРГ АО,"ГОСТ 4543-2016/ГОСТ 7417-75 круг 60,0мм ст.40Х h11 В НГ Н/Д консервация без упаковки",Круг,ст.40Х,60,НД,5,"1,686","1,74",0,"0,051","0,003","0,969","Круг г/к 62,0мм ст.40Х В1 2ГП НД,",круг,ГОСТ 4543-2016 / ГОСТ 2590-2006,ст.40Х,62,НД,"1,00","1,00","0,00",,,,,,,,,,,,,
,,,,,,,,,,,,,,,,"Круг г/к 62,0мм ст.40Х В1 2ГП НД,",круг,ГОСТ 4543-2016 / ГОСТ 2590-2006,ст.40Х,62,НД,"2,94","0,74","2,19",,,,,,,,,,,,,
197,26.03.2026,АР-048/0008,ПРОМКАЛИБР ООО,"ГОСТ 1050-2013/ГОСТ 7417-75 круг 63,0мм ст.45 h11 В НГ Н/Д консервация без упаковки",Круг,ст.45,63,НД,2,2,"2,064",0,"0,06","0,003","0,969","Круг г/к 65,0мм ст.45 В1 2ГП МД 6000,",круг,ГОСТ 1050-2013 / ГОСТ 2590-2006,ст.45,65,МД 6000,"4,39","2,06","2,33",,,,,,,,,,,,,
199,26.03.2026,АР-048/0008,ПРОМКАЛИБР ООО,"ГОСТ 4543-2016/ГОСТ 7417-75 круг 20,0мм ст.40Х h11 В НГ Н/Д консервация без упаковки",Круг,ст.40Х,20,НД,2,"0,832","0,858",0,"0,025","0,001","0,969","Круг г/к 22,0мм ст.40Х В1 2ГП МД 6000,",круг,ГОСТ 4543-2016 / ГОСТ 2590-2006,ст.40Х,22,МД 6000,"3,00","0,86","2,14",,,,,,,,,,,,,
202,26.03.2026,АР-048/0008,ПРОМКАЛИБР ООО,"ГОСТ 4543-2016/ГОСТ 7417-75 круг 50,0мм ст.40Х h11 В НГ Н/Д консервация без упаковки",Круг,ст.40Х,50,НД,2,2,"2,064",0,"0,06","0,003","0,969","Круг г/к 52,0мм ст.40Х В1 2ГП МД 6000,",круг,ГОСТ 4543-2016 / ГОСТ 2590-2006,ст.40Х,52,МД 6000,"2,09","2,06","0,03",,,,,,,,,,,,,
203,26.03.2026,АР-048/0008,ПРОМКАЛИБР ООО,"ГОСТ 4543-2016/ГОСТ 7417-75 круг 63,0мм ст.40Х h11 В НГ Н/Д консервация без упаковки",Круг,ст.40Х,63,НД,2,2,"2,064",0,"0,06","0,003","0,969","Круг г/к 65мм ст.40Х В1 2ГП МД 6000,",круг,ГОСТ 4543-2016 / ГОСТ 2590-2006,ст.40Х,65,МД 6000,"2,36","2,06","0,30",,,,,,,,,,,,,
211,26.03.2026,АР-051/0001,МЗКТ ОАО,"ГОСТ 1050-2013/ГОСТ 7417-75 круг 30,0мм ст.40х6000 h11 В НГ М/Д консервация без упаковки",Круг,ст.40,30,МД 6000,1,1,0,"1,043",0,0,0,,,,,,,,,,,,,,,,,,,,,,
213,26.03.2026,АР-051/0001,МЗКТ ОАО,"ГОСТ 1050-2013/ГОСТ 7417-75 круг 33,0мм ст.40х6000 h11 В НГ М/Д консервация без упаковки",Круг,ст.40,33,МД 6000,1,1,0,"1,044",0,0,0,,,,,,,,,,,,,,,,,,,,,,
216,26.03.2026,АР-051/0001,МЗКТ ОАО,"ГОСТ 1050-2013/ГОСТ 8560-78 шестигранник 22,0мм ст.35 h11 В НГ Н/Д консервация без упаковки",Шестигранник,ст.35,22,НД,1,"0,234",0,"0,242",0,0,0,,,,,,,,,,,,,,,,,,,,,,
217,26.03.2026,АР-051/0001,МЗКТ ОАО,"ГОСТ 1050-2013/ГОСТ 8560-78 шестигранник 24,0мм ст.35 h11 В НГ Н/Д консервация без упаковки",Шестигранник,ст.35,24,НД,2,"0,248",0,"0,257",0,0,0,,,,,,,,,,,,,,,,,,,,,,
220,26.03.2026,АР-051/0001,МЗКТ ОАО,"ГОСТ 4543-2016/ГОСТ 8560-78 шестигранник 32,0мм ст.40Хх6000 h11 В НГ М/Д консервация без упаковки",Шестигранник,ст.40Х,32,МД 6000,1,1,0,"1,046",0,0,0,,,,,,,,,,,,,,,,,,,,,,
221,26.03.2026,АР-051/0001,МЗКТ ОАО,"ГОСТ 4543-2016/ГОСТ 8560-78 шестигранник 36,0мм ст.40Хх6000 h11 В НГ М/Д консервация без упаковки",Шестигранник,ст.40Х,36,МД 6000,1,1,0,"1,046",0,0,0,,,,,,,,,,,,,,,,,,,,,,
226,27.03.2026,АР-048/0006,УМК-Инвест ООО,"ГОСТ 1050-2013/ГОСТ 7417-75 круг 40,0мм ст.20 h11 В НГ Н/Д консервация без упаковки",Круг,ст.20,40,НД,18,0,0,0,0,0,0,,,,,,,,,,,,,,,,,,,,,,
231,27.03.2026,АР-048/0005,МашПромКомплект,"ГОСТ 1050-2013/ГОСТ 7417-75 круг 28,0мм ст.20 h11 В М1-ТВ1 НГ Н/Д консервация без упаковки",Круг,ст.20,28,НД,4,"2,01",0,"2,074",0,0,0,,,,,,,,,,,,,,,,,,,,,,
237,30.03.2026,АР-057/0001,МашПромКомплект,"ГОСТ 1050-2013/ГОСТ 7417-75 круг 30,0мм ст.35х6500 h11 В НГ М2 ТВ2 М/Д консервация без упаковки",Круг,ст.35,30,МД 6500,2,2,0,"2,066",0,0,0,,,,,,,,,,,,,,,,,,,,,,
238,30.03.2026,АР-057/0001,МашПромКомплект,"ГОСТ 1050-2013/ГОСТ 7417-75 круг 30,5мм ст.35 h11 Б НГ М2 ТВ2 Н/Д консервация без упаковки",Круг,ст.35,"30,5",НД,2,2,0,"2,064",0,0,0,,,,,,,,,,,,,,,,,,,,,,
243,30.03.2026,АР-057/0001,МашПромКомплект,"ГОСТ 1050-2013/ГОСТ 7417-75 круг 38,0мм ст.35х4200 h11 В НГ М2 ТВ2 М/Д консервация без упаковки",Круг,ст.35,38,МД 4200,3,"1,278","1,349",0,"0,039","0,092","0,903","Круг г/к 40,0мм ст.35 В1 2ГП МД 4200,",круг,ГОСТ 1050-2013 / ГОСТ 2590-2006,ст.35,40,МД 4200,"3,34","1,35","1,99",,,,,,,,,,,,,
249,30.03.2026,АР-057/0001,МашПромКомплект,"ГОСТ 1050-2013/ГОСТ 7417-75 круг 45,0мм ст.35х3150 h11 В НГ М2 ТВ2 М/Д консервация без упаковки",Круг,ст.35,45,МД 3150,6,"0,248","0,259",0,"0,008","0,004","0,957","Круг г/к 46,0мм ст.35 В1 2ГП МД 6300,",круг,ГОСТ 1050-2013 / ГОСТ 2590-2006,ст.35,46,МД 6300,"2,84","0,26","2,58",,,,,,,,,,,,,
252,30.03.2026,АР-057/0001,МашПромКомплект,"ГОСТ 4543-2016/ГОСТ 7417-75 круг 16,0мм ст.40Хх3150 h11 В ТО М М/Д консервация без упаковки",Круг,ст.40Х,16,МД 3150,10,"4,722","4,898","0,036","0,144","0,693","0,83","Круг г/к 18,0мм ст.40Х В1 2ГП МД 6000,",круг,ГОСТ 4543-2016 / ГОСТ 2590-2006,ст.40Х,18,МД 6000,"4,90","4,90","0,00",,,,,,,,,,,,,
253,30.03.2026,АР-057/0001,МашПромКомплект,"ГОСТ 4543-2016/ГОСТ 7417-75 круг 17,0мм ст.40Хх3150 h11 Б ТО М НВ 160-220 М/Д конс. без упак.",Круг,ст.40Х,17,МД 3150,2,"0,265","0,273",0,"0,008","0,009","0,937","Круг г/к 18,0мм ст.40Х В1 2ГП МД 6000,",круг,ГОСТ 4543-2016 / ГОСТ 2590-2006,ст.40Х,18,МД 6000,"5,17","0,27","4,90",,,,,,,,,,,,,
276,15.01.2026,АР-353/0010,МЕТАЛЛОТОРГ АО,"ГОСТ 4543-2016/ГОСТ 7417-75 круг 25,0мм ст.40Хх6000 h11 В НГ МД консервация без упаковки",Круг,ст.40Х,25,МД 6000,"2,67","0,225",0,"0,235",0,0,0,,,,,,,,,,,,,,,,,,,,,,
284,26.01.2026,АР-353/0009,"ООО ""ЗАКБ""","ГОСТ 1414-75/ГОСТ 8560-78 шестигранник 27,0мм ст.А12х6000 h11 В НГ М/Д консервация без упаковки",Шестигранник,ст.А12,27,МД 6000,10,"7,203",0,"7,531",0,0,0,,,,,,,,,,,,,,,,,,,,,,
293,10.04.2026,АР-081/0009,"ОАО ""МТЗ""","ГОСТ 1050-2013/ГОСТ 7417-75 круг 16,0мм ст.20 h11 Б НГ Н/Д консервация без упаковки",Круг,ст.20,16,НД,26,"23,554","4,559","19,737","0,71","0,033","0,969","Круг г/к 18,0мм ст.20 В1 2ГП МД 6000,",круг,ГОСТ 1050-2013 / ГОСТ 2590-2006,ст.20,18,МД 6000,"4,56","4,56","0,00",,,,,,,,,,,,,
294,10.04.2026,АР-081/0009,"ОАО ""МТЗ""","ГОСТ 1050-2013/ГОСТ 7417-75 круг 17,0мм ст.35 h11 Б НГ Н/Д консервация без упаковки",Круг,ст.35,17,НД,2,"0,822",0,"0,848",0,0,0,,,,,,,,,,,,,,,,,,,,,,
295,10.04.2026,АР-081/0009,"ОАО ""МТЗ""","ГОСТ 1050-2013/ГОСТ 7417-75 круг 18,0мм ст.35 h11 Б НГ Н/Д консервация без упаковки",Круг,ст.35,18,НД,4,4,0,"4,127",0,0,0,,,,,,,,,,,,,,,,,,,,,,
296,10.04.2026,АР-081/0009,"ОАО ""МТЗ""","ГОСТ 1050-2013/ГОСТ 7417-75 круг 18,0мм ст.45 h11 Б НГ Н/Д консервация без упаковки",Круг,ст.45,18,НД,20,"12,64","3,71","9,331","0,381","0,02","0,969","Круг г/к 20,0мм ст.45 В1 2ГП МД 6000,",круг,ГОСТ 1050-2013 / ГОСТ 2590-2006,ст.45,20,МД 6000,"3,71","3,71","0,00",,,,,,,,,,,,,
297,10.04.2026,АР-081/0009,"ОАО ""МТЗ""","ГОСТ 1050-2013/ГОСТ 7417-75 круг 18,5мм ст.45 h11 Б НГ Н/Д консервация без упаковки",Круг,ст.45,"18,5",НД,16,16,0,"16,508",0,0,0,,,,,,,,,,,,,,,,,,,,,,
298,10.04.2026,АР-081/0009,"ОАО ""МТЗ""","ГОСТ 1050-2013/ГОСТ 7417-75 круг 20,0мм ст.20 h11 Б НГ Н/Д 183-229 НВ консервация без упаковки",Круг,ст.20,20,НД,6,"2,425","1,57","0,932","0,073","0,004","0,969","Круг г/к 22,0мм ст.20 В1 2ГП МД 6000,",круг,ГОСТ 1050-2013 / ГОСТ 2590-2006,ст.20,22,МД 6000,"1,57","1,57","0,00",,,,,,,,,,,,,
300,10.04.2026,АР-081/0009,"ОАО ""МТЗ""","ГОСТ 1050-2013/ГОСТ 7417-75 круг 20,0мм ст.45 h11 Б НГ Н/Д 183-229 НВ консервация без упаковки",Круг,ст.45,20,НД,10,"0,89",0,"0,918",0,0,0,,,,,,,,,,,,,,,,,,,,,,
301,10.04.2026,АР-081/0009,"ОАО ""МТЗ""","ГОСТ 1050-2013/ГОСТ 7417-75 круг 20,5мм ст.45 h11 Б НГ Н/Д консервация без упаковки",Круг,ст.45,"20,5",НД,6,6,"5,76","0,43","0,181","0,009","0,969","Круг г/к 22,0мм ст.45 В1 2ГП МД 6000,",круг,ГОСТ 1050-2013 / ГОСТ 2590-2006,ст.45,22,МД 6000,"5,76","5,76","0,00",,,,,,,,,,,,,
302,10.04.2026,АР-081/0009,"ОАО ""МТЗ""","ГОСТ 1050-2013/ГОСТ 7417-75 круг 21,0мм ст.45 h11 Б НГ Н/Д 183-229 НВ консервация без упаковки",Круг,ст.45,21,НД,4,4,0,"4,128",0,0,0,,,,,,,,,,,,,,,,,,,,,,
303,10.04.2026,АР-081/0009,"ОАО ""МТЗ""","ГОСТ 1050-2013/ГОСТ 7417-75 круг 21,5мм ст.45 h11 Б НГ Н/Д 183-229 НВ консервация без упаковки",Круг,ст.45,"21,5",НД,20,20,"20,635",0,"0,603","0,032","0,969","Круг г/к 24,0мм ст.45 В1 2ГП МД 6000,",круг,ГОСТ 1050-2013 / ГОСТ 2590-2006,ст.45,24,МД 6000,"17,81","17,81","0,00",,,,,,,,,,,,,
,,,,,,,,,,,,,,,,"Круг г/к 24,0мм ст.45 В1 2ГП НД,",круг,ГОСТ 1050-2013 / ГОСТ 2590-2006,ст.45,24,НД,"7,68","2,82","4,85",,,,,,,,,,,,,
306,10.04.2026,АР-081/0009,"ОАО ""МТЗ""","ГОСТ 1050-2013/ГОСТ 7417-75 круг 25,0мм ст.45 h11 Б НГ Н/Д консервация без упаковки",Круг,ст.45,25,НД,8,"5,622","5,801",0,"0,169","0,009","0,969","Круг г/к 26,0мм ст.45 В1 2ГП МД 6000,",круг,ГОСТ 1050-2013 / ГОСТ 2590-2006,ст.45,26,МД 6000,"8,04","5,80","2,23",,,,,,,,,,,,,
309,10.04.2026,АР-081/0009,"ОАО ""МТЗ""","ГОСТ 1050-2013/ГОСТ 7417-75 круг 25,9мм ст.45 h11 Б НГ Н/Д 183-229 НВ консервация без упаковки",Круг,ст.45,"25,9",НД,60,"54,072",0,"55,79",0,0,0,,,,,,,,,,,,,,,,,,,,,,
310,10.04.2026,АР-081/0009,"ОАО ""МТЗ""","ГОСТ 1050-2013/ГОСТ 7417-75 круг 26,0мм ст.35 h11 Б НГ Н/Д консервация без упаковки",Круг,ст.35,26,НД,12,"11,13","3,76","7,723","0,335","0,018","0,969","Круг г/к 28,0мм ст.35 В1 2ГП МД 6000,",круг,ГОСТ 1050-2013 / ГОСТ 2590-2006,ст.35,28,МД 6000,"0,66","0,66","0,00",,,,,,,,,,,,,
,,,,,,,,,,,,,,,,"Круг г/к 28,0мм ст.35 В1 2ГП МД 6000,",круг,ГОСТ 1050-2013 / ГОСТ 2590-2006,ст.35,28,МД 6000,"3,10","3,10","0,00",,,,,,,,,,,,,
311,10.04.2026,АР-081/0009,"ОАО ""МТЗ""","ГОСТ 1050-2013/ГОСТ 7417-75 круг 26,0мм ст.45 h11 Б НГ Н/Д 183-229 НВ консервация без упаковки",Круг,ст.45,26,НД,8,"5,314",0,"5,483",0,0,0,,,,,,,,,,,,,,,,,,,,,,
313,10.04.2026,АР-081/0009,"ОАО ""МТЗ""","ГОСТ 1050-2013/ГОСТ 7417-75 круг 28,0мм ст.20 h11 Б НГ Н/Д консервация без упаковки",Круг,ст.20,28,НД,2,2,0,"2,064",0,0,0,,,,,,,,,,,,,,,,,,,,,,
314,10.04.2026,АР-081/0009,"ОАО ""МТЗ""","ГОСТ 1050-2013/ГОСТ 7417-75 круг 28,0мм ст.35 h11 Б НГ Н/Д 183-229 НВ консервация без упаковки",Круг,ст.35,28,НД,8,"6,408","6,611",0,"0,193","0,01","0,969","Круг г/к 30,0мм ст.35 В1 2ГП МД 6000,",круг,ГОСТ 1050-2013 / ГОСТ 2590-2006,ст.35,30,МД 6000,"0,50","0,50","0,00",,,,,,,,,,,,,
,,,,,,,,,,,,,,,,"Круг г/к 30,0мм ст.35 В1 2ГП МД 6000,",круг,ГОСТ 1050-2013 / ГОСТ 2590-2006,ст.35,30,МД 6000,"7,80","6,12","1,68",,,,,,,,,,,,,
315,10.04.2026,АР-081/0009,"ОАО ""МТЗ""","ГОСТ 1050-2013/ГОСТ 7417-75 круг 28,0мм ст.45 h11 Б НГ Н/Д консервация без упаковки",Круг,ст.45,28,НД,16,"14,262","12,216","2,499","0,43","0,023","0,969","Круг г/к 30,0мм ст.45 В1 2ГП МД 6000,",круг,ГОСТ 1050-2013 / ГОСТ 2590-2006,ст.45,30,МД 6000,"1,44","1,44","0,00",,,,,,,,,,,,,
,,,,,,,,,,,,,,,,"Круг г/к 30,0мм ст.45 В1 2ГП МД 6000,",круг,ГОСТ 1050-2013 / ГОСТ 2590-2006,ст.45,30,МД 6000,"4,97","4,97","0,00",,,,,,,,,,,,,
,,,,,,,,,,,,,,,,"Круг г/к 30,0мм ст.45 В1 2ГП НД,",круг,ГОСТ 1050-2013 / ГОСТ 2590-2006,ст.45,30,НД,"5,81","5,81","0,00",,,,,,,,,,,,,
317,10.04.2026,АР-081/0009,"ОАО ""МТЗ""","ГОСТ 1050-2013/ГОСТ 7417-75 круг 30,0мм ст.45 h11 Б НГ Н/Д консервация без упаковки",Круг,ст.45,30,НД,30,"28,078","2,284","26,685","0,846","0,045","0,969","Круг г/к 32,0мм ст.45 В1 2ГП МД 6000,",круг,ГОСТ 1050-2013 / ГОСТ 2590-2006,ст.45,32,МД 6000,"2,28","2,28","0,00",,,,,,,,,,,,,
318,10.04.2026,АР-081/0009,"ОАО ""МТЗ""","ГОСТ 1050-2013/ГОСТ 7417-75 круг 32,0мм ст.35 h11 Б НГ Н/Д консервация без упаковки",Круг,ст.35,32,НД,8,"0,978","1,009",0,"0,029","0,002","0,969","Круг г/к 34,0мм ст.35 В1 2ГП МД 6000,",круг,ГОСТ 1050-2013 / ГОСТ 2590-2006,ст.35,34,МД 6000,"1,71","1,01","0,71",,,,,,,,,,,,,
319,10.04.2026,АР-081/0009,"ОАО ""МТЗ""","ГОСТ 1050-2013/ГОСТ 7417-75 круг 32,0мм ст.45 h11 Б НГ Н/Д 183-229 НВ консервация без упаковки",Круг,ст.45,32,НД,10,"4,297","2,399","2,034","0,129","0,007","0,969","Круг г/к 34,0мм ст.45 В1 2ГП МД 6000,",круг,ГОСТ 1050-2013 / ГОСТ 2590-2006,ст.45,34,МД 6000,"1,72","1,72","0,00",,,,,,,,,,,,,
,,,,,,,,,,,,,,,,"Круг г/к 34,0мм ст.45 В1 2ГП МД 6000,",круг,ГОСТ 1050-2013 / ГОСТ 2590-2006,ст.45,34,МД 6000,"0,68","0,68","0,00",,,,,,,,,,,,,
320,10.04.2026,АР-081/0009,"ОАО ""МТЗ""","ГОСТ 1050-2013/ГОСТ 7417-75 круг 34,0мм ст.20 h11 Б НГ Н/Д консервация без упаковки",Круг,ст.20,34,НД,2,"0,73",0,"0,753",0,0,0,,,,,,,,,,,,,,,,,,,,,,
323,10.04.2026,АР-081/0009,"ОАО ""МТЗ""","ГОСТ 1050-2013/ГОСТ 7417-75 круг 36,0мм ст.45 h11 Б НГ Н/Д консервация без упаковки",Круг,ст.45,36,НД,6,6,0,"6,191",0,0,0,,,,,,,,,,,,,,,,,,,,,,
324,10.04.2026,АР-081/0009,"ОАО ""МТЗ""","ГОСТ 1050-2013/ГОСТ 7417-75 круг 38,0мм ст.45 h11 Б НГ Н/Д консервация без упаковки",Круг,ст.45,38,НД,4,4,0,"4,128",0,0,0,,,,,,,,,,,,,,,,,,,,,,
325,10.04.2026,АР-081/0009,"ОАО ""МТЗ""","ГОСТ 1050-2013/ГОСТ 7417-75 круг 42,0мм ст.20 h11 Б НГ Н/Д консервация без упаковки",Круг,ст.20,42,НД,6,"2,68",0,"2,766",0,0,0,,,,,,,,,,,,,,,,,,,,,,
326,10.04.2026,АР-081/0009,"ОАО ""МТЗ""","ГОСТ 1050-2013/ГОСТ 7417-75 круг 42,0мм ст.45 h11 Б НГ Н/Д консервация без упаковки",Круг,ст.45,42,НД,2,2,0,"2,064",0,0,0,,,,,,,,,,,,,,,,,,,,,,
330,10.04.2026,АР-081/0009,"ОАО ""МТЗ""","ГОСТ 4543-2016/ГОСТ 7417-75 круг 18,5мм ст.40Хх4000 h11 Б ТО М/Д <217 НВ консервация без упаковки",Круг,ст.40Х,"18,5",МД 4000,68,68,0,"70,549",0,0,0,,,,,,,,,,,,,,,,,,,,,,
331,10.04.2026,АР-081/0009,"ОАО ""МТЗ""","ГОСТ 4543-2016/ГОСТ 7417-75 круг 22,0мм ст.40Хх4000 h11 Б ТО М/Д <217 НВ консервация без упаковки",Круг,ст.40Х,22,МД 4000,22,22,0,"22,907",0,0,0,,,,,,,,,,,,,,,,,,,,,,
335,10.04.2026,АР-081/0003,МЕТАЛЛОТОРГ АО,"ГОСТ 1050-2013/ГОСТ 7417-75 круг 16,0мм ст.45х6000 h11 В НГ М/Д консервация без упаковки",Круг,ст.45,16,МД 6000,4,"2,098","1,087","1,082","0,063","0,201","0,878","Круг г/к 18,0мм ст.45 В1 2ГП НД,",круг,ГОСТ 1050-2013 / ГОСТ 2590-2006,ст.45,18,НД,"1,09","1,09","0,00",,,,,,,,,,,,,
342,10.04.2026,АР-081/0003,МЕТАЛЛОТОРГ АО,"ГОСТ 1050-2013/ГОСТ 7417-75 круг 35,0мм ст.45х6000 h11 В НГ М/Д консервация без упаковки",Круг,ст.45,35,МД 6000,4,4,"0,784","3,377","0,122","0,053","0,958","Круг г/к 36,0мм ст.45 В1 2ГП НД,",круг,ГОСТ 1050-2013 / ГОСТ 2590-2006,ст.45,36,НД,"0,78","0,78","0,00",,,,,,,,,,,,,
343,10.04.2026,АР-081/0003,МЕТАЛЛОТОРГ АО,"ГОСТ 1050-2013/ГОСТ 7417-75 круг 36,0мм ст.45х6000 h11 В НГ М/Д консервация без упаковки",Круг,ст.45,36,МД 6000,2,2,0,"2,079",0,0,0,,,,,,,,,,,,,,,,,,,,,,
344,10.04.2026,АР-081/0003,МЕТАЛЛОТОРГ АО,"ГОСТ 1050-2013/ГОСТ 7417-75 круг 40,0мм ст.35х6000 h11 В НГ М/Д консервация без упаковки",Круг,ст.35,40,МД 6000,4,"1,779",0,"1,864",0,0,0,,,,,,,,,,,,,,,,,,,,,,
347,10.04.2026,АР-081/0003,МЕТАЛЛОТОРГ АО,"ГОСТ 4543-2016/ГОСТ 7417-75 круг 16,0мм ст.40Хх6000 h11 В НГ М/Д консервация без упаковки",Круг,ст.40Х,16,МД 6000,4,"0,34",0,"0,352",0,0,0,,,,,,,,,,,,,,,,,,,,,,
351,15.04.2026,АР-081/0004,МЕТАЛЛОТОРГ АО,"ГОСТ 1050-2013/ГОСТ 7417-75 круг 10,0мм ст.20х6000 h11 В НГ М/Д консервация без упаковки",Круг,ст.20,10,МД 6000,2,2,"2,064",0,"0,06","0,57","0,694","Круг г/к 12,0мм ст.20 В1 2ГП НД,",круг,ГОСТ 1050-2013 / ГОСТ 2590-2006,ст.20,12,НД,"13,35","2,06","11,29",,,,,,,,,,,,,
352,15.04.2026,АР-081/0004,МЕТАЛЛОТОРГ АО,"ГОСТ 1050-2013/ГОСТ 7417-75 круг 10,0мм ст.45х6000 h11 В НГ М/Д консервация без упаковки",Круг,ст.45,10,МД 6000,2,"1,488","1,536",0,"0,045","0,424","0,694","Круг г/к 12,0мм ст.45 В1 2ГП НД,",круг,ГОСТ 1050-2013 / ГОСТ 2590-2006,ст.45,12,НД,"8,23","1,54","6,69",,,,,,,,,,,,,
354,15.04.2026,АР-081/0004,МЕТАЛЛОТОРГ АО,"ГОСТ 1050-2013/ГОСТ 7417-75 круг 22,0мм ст.20х6000 h11 В НГ М/Д консервация без упаковки",Круг,ст.20,22,МД 6000,2,"0,232","0,239",0,"0,007","0,031","0,84","Круг г/к 24,0мм ст.20 В1 2ГП МД 6000,",круг,ГОСТ 1050-2013 / ГОСТ 2590-2006,ст.20,24,МД 6000,"3,52","0,24","3,28",,,,,,,,,,,,,
359,15.04.2026,АР-081/0004,МЕТАЛЛОТОРГ АО,"ГОСТ 1050-2013/ГОСТ 7417-75 круг 36,0мм ст.35х6000 h11 В НГ М/Д консервация без упаковки",Круг,ст.35,36,МД 6000,2,"0,61","0,634",0,"0,019","0,046","0,898","Круг г/к 38,0мм ст.35 В1 2ГП МД 6000,",круг,ГОСТ 1050-2013 / ГОСТ 2590-2006,ст.35,38,МД 6000,"10,31","0,63","9,68",,,,,,,,,,,,,
361,15.04.2026,АР-081/0004,МЕТАЛЛОТОРГ АО,"ГОСТ 4543-2016/ГОСТ 7417-75 круг 18,0мм ст.40Хх6000 h11 В НГ М/Д консервация без упаковки",Круг,ст.40Х,18,МД 6000,2,2,0,"2,1",0,0,0,,,,,,,,,,,,,,,,,,,,,,
362,15.04.2026,АР-081/0004,МЕТАЛЛОТОРГ АО,"ГОСТ 4543-2016/ГОСТ 7417-75 круг 50,0мм ст.40Хх6000 h11 В НГ М/Д консервация без упаковки",Круг,ст.40Х,50,МД 6000,2,2,"0,03","2,061","0,061","0,032","0,956","Круг г/к 52,0мм ст.40Х В1 2ГП МД 6000,",круг,ГОСТ 4543-2016 / ГОСТ 2590-2006,ст.40Х,52,МД 6000,"0,03","0,03","0,00",,,,,,,,,,,,,
366,15.04.2026,АР-081/0002,МЕТАЛЛОТОРГ АО,"ГОСТ 1050-2013/ГОСТ 7417-75 круг 45,0мм ст.45х6000 h11 В НГ М/Д консервация без упаковки",Круг,ст.45,45,МД 6000,2,2,0,"2,09",0,0,0,,,,,,,,,,,,,,,,,,,,,,
367,15.04.2026,АР-081/0002,МЕТАЛЛОТОРГ АО,"ГОСТ 1050-2013/ГОСТ 7417-75 круг 50,0мм ст.45х6000 h11 В НГ М/Д консервация без упаковки",Круг,ст.45,50,МД 6000,2,2,0,"2,092",0,0,0,,,,,,,,,,,,,,,,,,,,,,
369,15.04.2026,АР-081/0002,МЕТАЛЛОТОРГ АО,"ГОСТ 4543-2016/ГОСТ 7417-75 круг 20,0мм ст.40Хх6000 h11 В НГ М/Д консервация без упаковки",Круг,ст.40Х,20,МД 6000,2,2,"1,109","0,989","0,061","0,177","0,886","Круг г/к 22,0мм ст.40Х В1 2ГП МД 6000,",круг,ГОСТ 4543-2016 / ГОСТ 2590-2006,ст.40Х,22,МД 6000,"1,11","1,11","0,00",,,,,,,,,,,,,
372,15.04.2026,АР-081/0005,ИСКУССТВО ЛИНИЙ ООО,"ГОСТ 4543-2016/ГОСТ 7417-75 круг 18,5мм ст.40Хх4000 h11 Б ТО М/Д <217 НВ консервация без упаковки",Круг,ст.40Х,"18,5",МД 4000,"21,5","14,698",0,"15,249",0,0,0,,,,,,,,,,,,,,,,,,,,,,
377,20.04.2026,АР-081/0001,МЕТАЛЛОТОРГ АО,"ГОСТ 1050-2013/ГОСТ 7417-75 круг 18,0мм ст.45х6000 h11 В НГ М/Д консервация без упаковки",Круг,ст.45,18,МД 6000,2,2,0,"2,1",0,0,0,,,,,,,,,,,,,,,,,,,,,,
379,20.04.2026,АР-081/0001,МЕТАЛЛОТОРГ АО,"ГОСТ 1050-2013/ГОСТ 7417-75 круг 25,0мм ст.20х6000 h11 В НГ М/Д консервация без упаковки",Круг,ст.20,25,МД 6000,2,2,0,"2,092",0,0,0,,,,,,,,,,,,,,,,,,,,,,
382,20.04.2026,АР-081/0001,МЕТАЛЛОТОРГ АО,"ГОСТ 1050-2013/ГОСТ 7417-75 круг 50,0мм ст.35х6000 h11 В НГ М/Д консервация без упаковки",Круг,ст.35,50,МД 6000,4,4,"0,334","3,849","0,122","0,072","0,954","Круг г/к 52,0мм ст.35 В1 2ГП МД 6000,",круг,ГОСТ 1050-2013 / ГОСТ 2590-2006,ст.35,52,МД 6000,"0,33","0,33","0,00",,,,,,,,,,,,,
392,23.04.2026,АР-081/0007,МашПромКомплект,"ГОСТ 4543-2016/ГОСТ 7417-75 круг 55,0мм ст.18ХГТ h11 В ТО Н/Д консервация без упаковки",Круг,ст.18ХГТ,55,НД,4,4,"4,127",0,"0,121","0,007","0,969","Круг г/к 56,0мм ст.18ХГТ В1 2ГП МД 6000,",круг,ГОСТ 4543-2016 / ГОСТ 2590-2006,ст.18ХГТ,56,МД 6000,"5,77","4,13","1,64",,,,,,,,,,,,,
393,23.04.2026,АР-081/0007,МашПромКомплект,"ГОСТ 4543-2016/ГОСТ 8560-78 шестигранник 36,0мм ст.30ХГСА h11 В НГ Н/Д консервация без упаковки",Шестигранник,ст.30ХГСА,36,НД,2,2,0,"2,07",0,0,0,,,,,,,,,,,,,,,,,,,,,,
396,30.04.2026,АР-081/0008,МашПромКомплект,"ГОСТ 1050-2013/ГОСТ 7417-75 круг 60,0мм ст.35 h11 В НГ Н/Д консервация без упаковки",Круг,ст.35,60,НД,10,10,"0,84","9,479","0,301","0,018","0,969","Круг г/к 62,0мм ст.35 В1 2ГП НД,",круг,ГОСТ 1050-2013 / ГОСТ 2590-2006,ст.35,62,НД,"0,84","0,84","0,00",,,,,,,,,,,,,
399,16.04.2026,АР-082/0002,ОАО «МАЗ»,"ГОСТ 4543-2016/ГОСТ 8560-78 шестигранник 36,0мм ст.40Х h11 Б ТО Н/Д консервация без упаковки",Шестигранник,ст.40Х,36,НД,20,20,0,"20,695",0,0,0,,,,,,,,,,,,,,,,,,,,,,
405,21.05.2026,АР-082/0001,МЗКТ ОАО,"ГОСТ 1050-2013/ГОСТ 7417-75 круг 18,0мм ст.35 h11 В ТО Н/Д консервация без упаковки",Круг,ст.35,18,НД,"0,4","0,4",0,"0,413",0,0,0,,,,,,,,,,,,,,,,,,,,,,
407,21.05.2026,АР-082/0001,МЗКТ ОАО,"ГОСТ 1050-2013/ГОСТ 7417-75 круг 20,0мм ст.20 h11 В ТО Н/Д консервация без упаковки",Круг,ст.20,20,НД,"0,4","0,4",0,"0,413",0,0,0,,,,,,,,,,,,,,,,,,,,,,
408,21.05.2026,АР-082/0001,МЗКТ ОАО,"ГОСТ 1050-2013/ГОСТ 7417-75 круг 22,0мм ст.35 h11 В ТО Н/Д консервация без упаковки",Круг,ст.35,22,НД,"0,4","0,4","0,002","0,411","0,012","0,001","0,969","Круг г/к 24,0мм ст.35 В1 2ГП МД 6000,",круг,ГОСТ 1050-2013 / ГОСТ 2590-2006,ст.35,24,МД 6000,"0,00","0,00","0,00",,,,,,,,,,,,,
412,21.05.2026,АР-082/0001,МЗКТ ОАО,"ГОСТ 1050-2013/ГОСТ 7417-75 круг 32,0мм ст.35х6000 h11 В НГ М/Д консервация без упаковки",Круг,ст.35,32,МД 6000,1,1,0,"1,035",0,0,0,,,,,,,,,,,,,,,,,,,,,,
414,21.05.2026,АР-082/0001,МЗКТ ОАО,"ГОСТ 1050-2013/ГОСТ 7417-75 круг 33,0мм ст.35х6000 h11 В НГ М/Д консервация без упаковки",Круг,ст.35,33,МД 6000,1,1,"0,705","0,339","0,03","0,025","0,947","Круг г/к 34,0мм ст.35 В1 2ГП МД 6000,",круг,ГОСТ 1050-2013 / ГОСТ 2590-2006,ст.35,34,МД 6000,"0,71","0,71","0,00",,,,,,,,,,,,,
415,21.05.2026,АР-082/0001,МЗКТ ОАО,"ГОСТ 1050-2013/ГОСТ 7417-75 круг 33,0мм ст.45х6000 h11 В НГ М/Д консервация без упаковки",Круг,ст.45,33,МД 6000,1,1,0,"1,044",0,0,0,,,,,,,,,,,,,,,,,,,,,,
416,21.05.2026,АР-082/0001,МЗКТ ОАО,"ГОСТ 1050-2013/ГОСТ 7417-75 круг 35,0мм ст.20х6000 h11 В НГ М/Д консервация без упаковки",Круг,ст.20,35,МД 6000,1,1,0,"1,04",0,0,0,,,,,,,,,,,,,,,,,,,,,,
417,21.05.2026,АР-082/0001,МЗКТ ОАО,"ГОСТ 1050-2013/ГОСТ 7417-75 круг 36,0мм ст.40х6000 h11 Б НГ М/Д консервация без упаковки",Круг,ст.40,36,МД 6000,1,1,0,"1,04",0,0,0,,,,,,,,,,,,,,,,,,,,,,
419,21.05.2026,АР-082/0001,МЗКТ ОАО,"ГОСТ 1050-2013/ГОСТ 7417-75 круг 42,0мм ст.35х6000 h11 В НГ М/Д консервация без упаковки",Круг,ст.35,42,МД 6000,1,1,0,"1,043",0,0,0,,,,,,,,,,,,,,,,,,,,,,
422,21.05.2026,АР-082/0001,МЗКТ ОАО,"ГОСТ 1050-2013/ГОСТ 8560-78 шестигранник 27,0мм ст.35 h11 В НГ Н/Д консервация без упаковки",Шестигранник,ст.35,27,НД,2,2,0,"2,07",0,0,0,,,,,,,,,,,,,,,,,,,,,,
423,21.05.2026,АР-082/0001,МЗКТ ОАО,"ГОСТ 1050-2013/ГОСТ 8560-78 шестигранник 32,0мм ст.35х6000 h11 В НГ М/Д консервация без упаковки",Шестигранник,ст.35,32,МД 6000,2,2,0,"2,091",0,0,0,,,,,,,,,,,,,,,,,,,,,,
424,21.05.2026,АР-082/0001,МЗКТ ОАО,"ГОСТ 1050-2013/ГОСТ 8560-78 шестигранник 36,0мм ст.35х6000 h11 В НГ М/Д консервация без упаковки",Шестигранник,ст.35,36,МД 6000,2,2,0,"2,091",0,0,0,,,,,,,,,,,,,,,,,,,,,,
425,21.05.2026,АР-082/0001,МЗКТ ОАО,"ГОСТ 4543-2016/ГОСТ 7417-75 круг 25,0мм ст.40Х h11 В НГ Н/Д консервация без упаковки",Круг,ст.40Х,25,НД,"0,4","0,4","0,413",0,"0,012","0,001","0,969","Круг г/к 26,0мм ст.40Х В1 2ГП НД,",круг,ГОСТ 4543-2016 / ГОСТ 2590-2006,ст.40Х,26,НД,"4,52","0,41","4,10",,,,,,,,,,,,,
426,21.05.2026,АР-082/0001,МЗКТ ОАО,"ГОСТ 4543-2016/ГОСТ 8560-78 шестигранник 22,0мм ст.40Х h11 В НГ Н/Д консервация без упаковки",Шестигранник,ст.40Х,22,НД,1,1,0,"1,035",0,0,0,,,,,,,,,,,,,,,,,,,,,,
427,21.05.2026,АР-082/0001,МЗКТ ОАО,"ГОСТ 4543-2016/ГОСТ 8560-78 шестигранник 27,0мм ст.40Х h11 В НГ Н/Д консервация без упаковки",Шестигранник,ст.40Х,27,НД,2,2,0,"2,07",0,0,0,,,,,,,,,,,,,,,,,,,,,,
434,06.04.2026,АР-084/0002,ПРОМКАЛИБР ООО,"ГОСТ 1050-2013/ГОСТ 7417-75 круг 25,0мм ст.35 h11 В НГ Н/Д консервация без упаковки",Круг,ст.35,25,НД,5,"1,232",0,"1,271",0,0,0,,,,,,,,,,,,,,,,,,,,,,
435,06.04.2026,АР-084/0002,ПРОМКАЛИБР ООО,"ГОСТ 1050-2013/ГОСТ 7417-75 круг 30,0мм ст.20 h11 В НГ Н/Д консервация без упаковки",Круг,ст.20,30,НД,2,2,"2,063",0,"0,06","0,003","0,969","Круг г/к 32,0мм ст.20 В1 2ГП МД 6000,",круг,ГОСТ 1050-2013 / ГОСТ 2590-2006,ст.20,32,МД 6000,"5,97","2,06","3,90",,,,,,,,,,,,,
439,06.04.2026,АР-084/0002,ПРОМКАЛИБР ООО,"ГОСТ 1050-2013/ГОСТ 7417-75 круг 54,0мм ст.35 h11 В НГ Н/Д консервация без упаковки",Круг,ст.35,54,НД,2,2,0,"2,064",0,0,0,,,,,,,,,,,,,,,,,,,,,,
442,06.04.2026,АР-084/0002,ПРОМКАЛИБР ООО,"ГОСТ 4543-2016/ГОСТ 7417-75 круг 60,0мм ст.40Х h11 В НГ Н/Д консервация без упаковки",Круг,ст.40Х,60,НД,2,2,"2,064",0,"0,06","0,004","0,969","Круг г/к 62,0мм ст.40Х В1 2ГП НД,",круг,ГОСТ 4543-2016 / ГОСТ 2590-2006,ст.40Х,62,НД,"2,19","2,06","0,13",,,,,,,,,,,,,
443,06.04.2026,АР-084/0002,ПРОМКАЛИБР ООО,"ГОСТ 4543-2016/ГОСТ 8560-78 шестигранник 32,0мм ст.40Х h11 В НГ Н/Д консервация без упаковки",Шестигранник,ст.40Х,32,НД,2,2,0,"2,07",0,0,0,,,,,,,,,,,,,,,,,,,,,,
448,08.04.2026,АР-085/0001,ОАО «МЭТЗ ИМ. В.И.КОЗЛОВА»,"ГОСТ 1050-2013/ГОСТ 8560-78 шестигранник 36,0мм ст.35х4000 h11 В НГ М/Д консервация, упаковка",Шестигранник,ст.35,36,МД 4000,2,"0,217",0,"0,227",0,0,0,,,,,,,,,,,,,,,,,,,,,,
454,24.04.2026,АР-084/0001,ОАО «БЗА»,"ГОСТ 1050-2013/ГОСТ 7417-75 круг 10,0мм ст.45 h11 В НГ М2 ТВ2 НВ 197-229 Н/Д конс. без упак.",Круг,ст.45,10,НД,"2,5","2,5","2,579",0,"0,075","0,003","0,969","Круг г/к 12,0мм ст.45 В1 2ГП НД,",круг,ГОСТ 1050-2013 / ГОСТ 2590-2006,ст.45,12,НД,"10,81","2,58","8,23",,,,,,,,,,,,,
455,24.04.2026,АР-084/0001,ОАО «БЗА»,"ГОСТ 4543-2016/ГОСТ 7417-75 круг 44,0мм ст.40Х h11 В ТО НВ 187-229 Н/Д консервация без упаковки",Круг,ст.40Х,44,НД,"2,5","2,5",0,"2,58",0,0,0,,,,,,,,,,,,,,,,,,,,,,
458,15.04.2026,АР-089/0002,МЕТАЛЛСЕРВИС АО,"ГОСТ 1050-2013/ГОСТ 7417-75 круг 16,0мм ст.20 h11 В НГ Н/Д консервация без упаковки",Круг,ст.20,16,НД,10,"2,142",0,"2,209",0,0,0,,,,,,,,,,,,,,,,,,,,,,
460,15.04.2026,АР-089/0002,МЕТАЛЛСЕРВИС АО,"ГОСТ 1050-2013/ГОСТ 7417-75 круг 20,0мм ст.20 h11 В НГ Н/Д консервация без упаковки",Круг,ст.20,20,НД,4,"1,867",0,"1,926",0,0,0,,,,,,,,,,,,,,,,,,,,,,
461,15.04.2026,АР-089/0002,МЕТАЛЛСЕРВИС АО,"ГОСТ 1050-2013/ГОСТ 7417-75 круг 28,0мм ст.20 h11 В НГ Н/Д консервация без упаковки",Круг,ст.20,28,НД,6,6,0,"6,191",0,0,0,,,,,,,,,,,,,,,,,,,,,,
462,15.04.2026,АР-089/0002,МЕТАЛЛСЕРВИС АО,"ГОСТ 1050-2013/ГОСТ 7417-75 круг 28,0мм ст.45 h11 В НГ Н/Д консервация без упаковки",Круг,ст.45,28,НД,2,"0,36",0,"0,371",0,0,0,,,,,,,,,,,,,,,,,,,,,,
463,15.04.2026,АР-089/0002,МЕТАЛЛСЕРВИС АО,"ГОСТ 1050-2013/ГОСТ 7417-75 круг 30,0мм ст.35 h11 В НГ Н/Д консервация без упаковки",Круг,ст.35,30,НД,3,"1,734",0,"1,789",0,0,0,,,,,,,,,,,,,,,,,,,,,,
466,15.04.2026,АР-089/0002,МЕТАЛЛСЕРВИС АО,"ГОСТ 1050-2013/ГОСТ 7417-75 круг 35,0мм ст.20 h11 В НГ Н/Д консервация без упаковки",Круг,ст.20,35,НД,2,2,"0,002","2,062","0,06","0,003","0,969","Круг г/к 36,0мм ст.20 В1 2ГП МД 6000,",круг,ГОСТ 1050-2013 / ГОСТ 2590-2006,ст.20,36,МД 6000,"0,00","0,00","0,00",,,,,,,,,,,,,
468,15.04.2026,АР-089/0002,МЕТАЛЛСЕРВИС АО,"ГОСТ 1050-2013/ГОСТ 7417-75 круг 40,0мм ст.35 h11 В НГ Н/Д консервация без упаковки",Круг,ст.35,40,НД,2,2,"1,903","0,161","0,06","0,003","0,969","Круг г/к 42,0мм ст.35 В1 2ГП НД,",круг,ГОСТ 1050-2013 / ГОСТ 2590-2006,ст.35,42,НД,"1,64","1,64","0,00",,,,,,,,,,,,,
,,,,,,,,,,,,,,,,"Круг г/к 42,0мм ст.35 В1 2ГП МД 6000,",круг,ГОСТ 1050-2013 / ГОСТ 2590-2006,ст.35,42,МД 6000,"0,26","0,26","0,00",,,,,,,,,,,,,
472,15.04.2026,АР-089/0002,МЕТАЛЛСЕРВИС АО,"ГОСТ 1050-2013/ГОСТ 7417-75 круг 50,0мм ст.45 h11 В НГ Н/Д консервация без упаковки",Круг,ст.45,50,НД,10,"5,548","5,724",0,"0,167","0,009","0,969","Круг г/к 52,0мм ст.45 В1 2ГП МД 6000,",круг,ГОСТ 1050-2013 / ГОСТ 2590-2006,ст.45,52,МД 6000,"0,70","0,70","0,00",,,,,,,,,,,,,
,,,,,,,,,,,,,,,,"Круг г/к 52,0мм ст.45 В1 2ГП НД,",круг,ГОСТ 1050-2013 / ГОСТ 2590-2006,ст.45,52,НД,"9,02","5,02","4,00",,,,,,,,,,,,,
474,15.04.2026,АР-089/0002,МЕТАЛЛСЕРВИС АО,"ГОСТ 1050-2013/ГОСТ 7417-75 круг 60,0мм ст.35 h11 В НГ Н/Д консервация без упаковки",Круг,ст.35,60,НД,3,"0,86",0,"0,887",0,0,0,,,,,,,,,,,,,,,,,,,,,,
476,15.04.2026,АР-089/0002,МЕТАЛЛСЕРВИС АО,"ГОСТ 1414-75/ГОСТ 7417-75 круг 35,0мм ст.А12 h11 В НГ Н/Д консервация без упаковки",Круг,ст.А12,35,НД,3,"0,515",0,"0,531",0,0,0,,,,,,,,,,,,,,,,,,,,,,
477,15.04.2026,АР-089/0002,МЕТАЛЛСЕРВИС АО,"ГОСТ 1414-75/ГОСТ 7417-75 круг 50,0мм ст.А12 h11 В НГ Н/Д консервация без упаковки",Круг,ст.А12,50,НД,2,2,0,"2,064",0,0,0,,,,,,,,,,,,,,,,,,,,,,
478,15.04.2026,АР-089/0002,МЕТАЛЛСЕРВИС АО,"ГОСТ 4543-2016/ГОСТ 7417-75 круг 16,0мм ст.40Х h11 В НГ Н/Д консервация без упаковки",Круг,ст.40Х,16,НД,6,"0,58","0,598",0,"0,017","0,001","0,969","Круг г/к 18,0мм ст.40Х В1 2ГП МД 6000,",круг,ГОСТ 4543-2016 / ГОСТ 2590-2006,ст.40Х,18,МД 6000,"7,83","0,60","7,23",,,,,,,,,,,,,
479,15.04.2026,АР-089/0002,МЕТАЛЛСЕРВИС АО,"ГОСТ 4543-2016/ГОСТ 7417-75 круг 18,0мм ст.40Х h11 В НГ Н/Д консервация без упаковки",Круг,ст.40Х,18,НД,2,2,0,"2,063",0,0,0,,,,,,,,,,,,,,,,,,,,,,
481,15.04.2026,АР-089/0002,МЕТАЛЛСЕРВИС АО,"ГОСТ 4543-2016/ГОСТ 7417-75 круг 25,0мм ст.40Х h11 В НГ Н/Д консервация без упаковки",Круг,ст.40Х,25,НД,2,2,"2,064",0,"0,06","0,003","0,969","Круг г/к 26,0мм ст.40Х В1 2ГП НД,",круг,ГОСТ 4543-2016 / ГОСТ 2590-2006,ст.40Х,26,НД,"4,10","2,06","2,04",,,,,,,,,,,,,
484,15.04.2026,АР-089/0002,МЕТАЛЛСЕРВИС АО,"ГОСТ 4543-2016/ГОСТ 7417-75 круг 35,0мм ст.40Х h11 В НГ Н/Д консервация без упаковки",Круг,ст.40Х,35,НД,2,"0,952",0,"0,982",0,0,0,,,,,,,,,,,,,,,,,,,,,,
486,15.04.2026,АР-089/0002,МЕТАЛЛСЕРВИС АО,"ГОСТ 4543-2016/ГОСТ 7417-75 круг 40,0мм ст.40Х h11 В НГ Н/Д консервация без упаковки",Круг,ст.40Х,40,НД,4,4,"4,127",0,"0,121","0,007","0,969","Круг г/к 42,0мм ст.40Х В1 2ГП МД 6000,",круг,ГОСТ 4543-2016 / ГОСТ 2590-2006,ст.40Х,42,МД 6000,"4,29","4,13","0,16",,,,,,,,,,,,,
489,30.04.2026,АР-089/0001,ПРОМКАЛИБР ООО,"ГОСТ 1414-75/ГОСТ 7417-75 круг 34,0мм ст.А12 h11 В НГ Н/Д консервация без упаковки",Круг,ст.А12,34,НД,2,2,0,"2,064",0,0,0,,,,,,,,,,,,,,,,,,,,,,
490,30.04.2026,АР-089/0001,ПРОМКАЛИБР ООО,"ГОСТ 1414-75/ГОСТ 8560-78 шестигранник 36,0мм ст.А12 h11 В НГ Н/Д консервация без упаковки",Шестигранник,ст.А12,36,НД,3,3,0,"3,104",0,0,0,,,,,,,,,,,,,,,,,,,,,,
494,24.04.2026,АР-091/0001,ПРОМКАЛИБР ООО,"ГОСТ 1050-2013/ГОСТ 7417-75 круг 44,45мм ст.45 h11 В НГ Н/Д консервация без упаковки",Круг,ст.45,"44,45",НД,2,2,0,"2,064",0,0,0,,,,,,,,,,,,,,,,,,,,,,
495,24.04.2026,АР-091/0001,ПРОМКАЛИБР ООО,"ГОСТ 1050-2013/ГОСТ 7417-75 круг 50,8мм ст.45 h11 В НГ Н/Д консервация без упаковки",Круг,ст.45,"50,8",НД,2,2,0,"2,064",0,0,0,,,,,,,,,,,,,,,,,,,,,,
501,30.04.2026,АР-099/0001,ПРОМКАЛИБР ООО,"ГОСТ 1050-2013/ГОСТ 7417-75 круг 45,0мм ст.35 h11 В НГ Н/Д консервация без упаковки",Круг,ст.35,45,НД,5,"1,97","2,033",0,"0,059","0,004","0,969","Круг г/к 46,0мм ст.35 В1 2ГП МД 6000,",круг,ГОСТ 1050-2013 / ГОСТ 2590-2006,ст.35,46,МД 6000,"2,36","2,03","0,33",,,,,,,,,,,,,
504,30.04.2026,АР-098/0001,ПРОМЦЕПЬ ООО,"ГОСТ 4543-2016/ГОСТ 7417-75 круг 21,0мм ст.40Х h9 В Н/Д НГ консервация м/упаковка",Круг,ст.40Х,21,НД,1,1,"1,032",0,"0,03","0,002","0,969","Круг г/к 22,0мм ст.40Х В1 2ГП МД 6000,",круг,ГОСТ 4543-2016 / ГОСТ 2590-2006,ст.40Х,22,МД 6000,"2,14","1,03","1,11",,,,,,,,,,,,,
509,10.05.2026,АР-104/0001,САЛЬСКСЕЛЬМАШ ООО,"ГОСТ 1050-2013/ГОСТ 7417-75 круг 18,0мм ст.20 h11 В НГ Н/Д консервация без упаковки",Круг,ст.20,18,НД,4,4,0,"4,127",0,0,0,,,,,,,,,,,,,,,,,,,,,,
510,10.05.2026,АР-104/0001,САЛЬСКСЕЛЬМАШ ООО,"ГОСТ 1050-2013/ГОСТ 7417-75 круг 18,0мм ст.35 h11 В НГ Н/Д консервация без упаковки",Круг,ст.35,18,НД,4,4,0,"4,127",0,0,0,,,,,,,,,,,,,,,,,,,,,,
511,10.05.2026,АР-104/0001,САЛЬСКСЕЛЬМАШ ООО,"ГОСТ 1050-2013/ГОСТ 7417-75 круг 20,0мм ст.35 h11 В НГ Н/Д консервация без упаковки",Круг,ст.35,20,НД,4,4,"4,127",0,"0,121","0,007","0,969","Круг г/к 22,0мм ст.35 В1 2ГП МД 6000,",круг,ГОСТ 1050-2013 / ГОСТ 2590-2006,ст.35,22,МД 6000,"3,90","3,90","0,00",,,,,,,,,,,,,
,,,,,,,,,,,,,,,,"Круг г/к 22,0мм ст.35 В1 2ГП НД,",круг,ГОСТ 1050-2013 / ГОСТ 2590-2006,ст.35,22,НД,"1,09","0,23","0,87",,,,,,,,,,,,,
514,10.05.2026,АР-104/0001,САЛЬСКСЕЛЬМАШ ООО,"ГОСТ 1050-2013/ГОСТ 7417-75 круг 26,0мм ст.35 h11 В НГ Н/Д консервация без упаковки",Круг,ст.35,26,НД,2,"1,485",0,"1,532",0,0,0,,,,,,,,,,,,,,,,,,,,,,
515,10.05.2026,АР-104/0001,САЛЬСКСЕЛЬМАШ ООО,"ГОСТ 1050-2013/ГОСТ 7417-75 круг 28,0мм ст.35 h11 В НГ Н/Д консервация без упаковки",Круг,ст.35,28,НД,5,5,"1,684","3,475","0,151","0,008","0,969","Круг г/к 30,0мм ст.35 В1 2ГП МД 6000,",круг,ГОСТ 1050-2013 / ГОСТ 2590-2006,ст.35,30,МД 6000,"1,68","1,68","0,00",,,,,,,,,,,,,
516,10.05.2026,АР-104/0001,САЛЬСКСЕЛЬМАШ ООО,"ГОСТ 1050-2013/ГОСТ 7417-75 круг 30,0мм ст.35 h11 В НГ Н/Д консервация без упаковки",Круг,ст.35,30,НД,20,"7,249",0,"7,479",0,0,0,,,,,,,,,,,,,,,,,,,,,,
517,10.05.2026,АР-104/0001,САЛЬСКСЕЛЬМАШ ООО,"ГОСТ 1050-2013/ГОСТ 7417-75 круг 40,0мм ст.35 h11 В НГ Н/Д консервация без упаковки",Круг,ст.35,40,НД,20,20,0,"20,636",0,0,0,,,,,,,,,,,,,,,,,,,,,,
518,10.05.2026,АР-104/0001,САЛЬСКСЕЛЬМАШ ООО,"ГОСТ 1050-2013/ГОСТ 7417-75 круг 45,0мм ст.35 h11 В НГ Н/Д консервация без упаковки",Круг,ст.35,45,НД,10,10,"0,327","9,992","0,301","0,018","0,969","Круг г/к 46,0мм ст.35 В1 2ГП МД 6000,",круг,ГОСТ 1050-2013 / ГОСТ 2590-2006,ст.35,46,МД 6000,"0,33","0,33","0,00",,,,,,,,,,,,,
521,20.05.2026,АР-105/0001,УМК-ИНВЕСТ ООО,"ГОСТ 1050-2013/ГОСТ 7417-75 круг 14,0мм ст.20 h11 В НГ Н/Д консервация без упаковки",Круг,ст.20,14,НД,"1,5","1,5",0,"1,548",0,0,0,,,,,,,,,,,,,,,,,,,,,,
523,20.05.2026,АР-105/0001,УМК-ИНВЕСТ ООО,"ГОСТ 1050-2013/ГОСТ 7417-75 круг 38,0мм ст.20х5550 h11 В НГ М/Д консервация без упаковки",Круг,ст.20,38,МД 5550,26,26,0,"26,991",0,0,0,,,,,,,,,,,,,,,,,,,,,,
526,30.04.2026,АР-117/0001,"ООО ""ЗАКБ""","ГОСТ 1414-75/ГОСТ 7417-75 круг 26,0мм ст.А12 h11 В НГ МД 3000 консервация, без упаковки",Круг,ст.А12,26,МД 6000,5,5,"5,22",0,"0,152","0,568","0,862","Круг г/к 28,0мм ст.А12 В1 2ГП МД 6000,",круг,ГОСТ 1414-75 / ГОСТ 2590-2006,ст.А12,28,МД 6000,"29,90","5,22","24,68",,,,,,,,,,,,,
529,30.04.2026,АР-117/0002,МЕТАЛЛСЕРВИС АО,"ГОСТ 4543-2016/ГОСТ 7417-75 круг 16,0мм ст.40Х h11 В НГ Н/Д консервация без упаковки",Круг,ст.40Х,16,НД,2,2,"2,063",0,"0,06","0,003","0,969","Круг г/к 18,0мм ст.40Х В1 2ГП МД 6000,",круг,ГОСТ 4543-2016 / ГОСТ 2590-2006,ст.40Х,18,МД 6000,"7,23","2,06","5,17",,,,,,,,,,,,,
530,30.04.2026,АР-117/0002,МЕТАЛЛСЕРВИС АО,"ГОСТ 4543-2016/ГОСТ 7417-75 круг 18,0мм ст.40Х h11 В НГ Н/Д консервация без упаковки",Круг,ст.40Х,18,НД,3,3,0,"3,095",0,0,0,,,,,,,,,,,,,,,,,,,,,,
531,30.04.2026,АР-117/0002,МЕТАЛЛСЕРВИС АО,"ГОСТ 4543-2016/ГОСТ 7417-75 круг 22,0мм ст.40Х h11 В НГ Н/Д консервация без упаковки",Круг,ст.40Х,22,НД,2,2,"1,187","0,877","0,06","0,003","0,969","Круг г/к 24,0мм ст.40Х В1 2ГП МД 6000,",круг,ГОСТ 4543-2016 / ГОСТ 2590-2006,ст.40Х,24,МД 6000,"1,19","1,19","0,00",,,,,,,,,,,,,
532,30.04.2026,АР-117/0002,МЕТАЛЛСЕРВИС АО,"ГОСТ 4543-2016/ГОСТ 7417-75 круг 25,0мм ст.40Х h11 В НГ Н/Д консервация без упаковки",Круг,ст.40Х,25,НД,2,2,"2,039","0,025","0,06","0,003","0,969","Круг г/к 26,0мм ст.40Х В1 2ГП НД,",круг,ГОСТ 4543-2016 / ГОСТ 2590-2006,ст.40Х,26,НД,"2,04","2,04","0,00",,,,,,,,,,,,,
533,30.04.2026,АР-117/0002,МЕТАЛЛСЕРВИС АО,"ГОСТ 4543-2016/ГОСТ 7417-75 круг 26,0мм ст.40Х h11 В НГ Н/Д консервация без упаковки",Круг,ст.40Х,26,НД,2,2,"1,979","0,084","0,06","0,003","0,969","Круг г/к 28,0мм ст.40Х В1 2ГП МД 6000,",круг,ГОСТ 4543-2016 / ГОСТ 2590-2006,ст.40Х,28,МД 6000,"1,98","1,98","0,00",,,,,,,,,,,,,
534,30.04.2026,АР-117/0002,МЕТАЛЛСЕРВИС АО,"ГОСТ 4543-2016/ГОСТ 7417-75 круг 27,0мм ст.40Х h11 В НГ Н/Д консервация без упаковки",Круг,ст.40Х,27,НД,1,1,0,"1,032",0,0,0,,,,,,,,,,,,,,,,,,,,,,
535,30.04.2026,АР-117/0002,МЕТАЛЛСЕРВИС АО,"ГОСТ 4543-2016/ГОСТ 7417-75 круг 30,0мм ст.40Х h11 В НГ Н/Д консервация без упаковки",Круг,ст.40Х,30,НД,3,3,"3,095",0,"0,09","0,005","0,969","Круг г/к 32,0мм ст.40Х В1 2ГП МД 6000,",круг,ГОСТ 4543-2016 / ГОСТ 2590-2006,ст.40Х,32,МД 6000,"5,06","3,10","1,96",,,,,,,,,,,,,
536,30.04.2026,АР-117/0002,МЕТАЛЛСЕРВИС АО,"ГОСТ 4543-2016/ГОСТ 7417-75 круг 35,0мм ст.40Х h11 В НГ Н/Д консервация без упаковки",Круг,ст.40Х,35,НД,4,4,0,"4,127",0,0,0,,,,,,,,,,,,,,,,,,,,,,
537,30.04.2026,АР-117/0002,МЕТАЛЛСЕРВИС АО,"ГОСТ 4543-2016/ГОСТ 7417-75 круг 40,0мм ст.40Х h11 В НГ Н/Д консервация без упаковки",Круг,ст.40Х,40,НД,3,3,"2,947","0,149","0,09","0,005","0,969","Круг г/к 42,0мм ст.40Х В1 2ГП МД 6000,",круг,ГОСТ 4543-2016 / ГОСТ 2590-2006,ст.40Х,42,МД 6000,"0,16","0,16","0,00",,,,,,,,,,,,,
,,,,,,,,,,,,,,,,"Круг г/к 42,0мм ст.40Х В1 2ГП НД,",круг,ГОСТ 4543-2016 / ГОСТ 2590-2006,ст.40Х,42,НД,"2,79","2,79","0,00",,,,,,,,,,,,,
538,30.04.2026,АР-117/0002,МЕТАЛЛСЕРВИС АО,"ГОСТ 4543-2016/ГОСТ 7417-75 круг 45,0мм ст.40Х h11 В НГ Н/Д консервация без упаковки",Круг,ст.40Х,45,НД,2,2,"2,064",0,"0,06","0,004","0,969","Круг г/к 46,0мм ст.40Х В1 2ГП МД 6000,",круг,ГОСТ 4543-2016 / ГОСТ 2590-2006,ст.40Х,46,МД 6000,"2,35","2,06","0,29",,,,,,,,,,,,,
539,30.04.2026,АР-117/0002,МЕТАЛЛСЕРВИС АО,"ГОСТ 4543-2016/ГОСТ 7417-75 круг 60,0мм ст.40Х h11 В НГ Н/Д консервация без упаковки",Круг,ст.40Х,60,НД,4,4,"0,126","4,001","0,121","0,007","0,969","Круг г/к 62,0мм ст.40Х В1 2ГП НД,",круг,ГОСТ 4543-2016 / ГОСТ 2590-2006,ст.40Х,62,НД,"0,13","0,13","0,00",,,,,,,,,,,,,
540,30.04.2026,АР-117/0002,МЕТАЛЛСЕРВИС АО,"ГОСТ 1414-75/ГОСТ 7417-75 круг 50,0мм ст.А12 h11 В НГ Н/Д консервация без упаковки",Круг,ст.А12,50,НД,2,2,0,"2,064",0,0,0,,,,,,,,,,,,,,,,,,,,,,
541,30.04.2026,АР-117/0002,МЕТАЛЛСЕРВИС АО,"ГОСТ 1050-2013/ГОСТ 7417-75 круг 50,0мм ст.10 h11 В НГ Н/Д консервация без упаковки",Круг,ст.10,50,НД,2,2,"2,064",0,"0,06","0,003","0,969","Круг г/к 52,0мм ст.10 В1 2ГП НД,",круг,ГОСТ 1050-2013 / ГОСТ 2590-2006,ст.10,52,НД,"8,33","2,06","6,27",,,,,,,,,,,,,
542,30.04.2026,АР-117/0002,МЕТАЛЛСЕРВИС АО,"ГОСТ 1050-2013/ГОСТ 7417-75 круг 60,0мм ст.10 h11 В НГ Н/Д консервация без упаковки",Круг,ст.10,60,НД,1,1,"1,032",0,"0,03","0,002","0,969","Круг г/к 62,0мм ст.10 В1 2ГП НД,",круг,ГОСТ 1050-2013 / ГОСТ 2590-2006,ст.10,62,НД,"2,98","1,03","1,95",,,,,,,,,,,,,
543,30.04.2026,АР-117/0002,МЕТАЛЛСЕРВИС АО,"ГОСТ 1050-2013/ГОСТ 7417-75 круг 50,0мм ст.20 h11 В НГ Н/Д консервация без упаковки",Круг,ст.20,50,НД,2,2,0,"2,064",0,0,0,,,,,,,,,,,,,,,,,,,,,,
544,30.04.2026,АР-117/0002,МЕТАЛЛСЕРВИС АО,"ГОСТ 1050-2013/ГОСТ 7417-75 круг 56,0мм ст.20 h11 В НГ Н/Д консервация без упаковки",Круг,ст.20,56,НД,1,1,0,"1,032",0,0,0,,,,,,,,,,,,,,,,,,,,,,
545,30.04.2026,АР-117/0002,МЕТАЛЛСЕРВИС АО,"ГОСТ 1050-2013/ГОСТ 7417-75 круг 60,0мм ст.20 h11 В НГ Н/Д консервация без упаковки",Круг,ст.20,60,НД,5,5,0,"5,159",0,0,0,,,,,,,,,,,,,,,,,,,,,,
546,30.04.2026,АР-117/0002,МЕТАЛЛСЕРВИС АО,"ГОСТ 1050-2013/ГОСТ 7417-75 круг 50,0мм ст.35 h11 В НГ Н/Д консервация без упаковки",Круг,ст.35,50,НД,2,2,"2,064",0,"0,06","0,003","0,969","Круг г/к 52,0мм ст.35 В1 2ГП МД 6000,",круг,ГОСТ 1050-2013 / ГОСТ 2590-2006,ст.35,52,МД 6000,"2,40","2,06","0,33",,,,,,,,,,,,,
547,30.04.2026,АР-117/0002,МЕТАЛЛСЕРВИС АО,"ГОСТ 1050-2013/ГОСТ 7417-75 круг 60,0мм ст.35 h11 В НГ Н/Д консервация без упаковки",Круг,ст.35,60,НД,2,2,0,"2,064",0,0,0,,,,,,,,,,,,,,,,,,,,,,
549,30.04.2026,АР-117/0002,МЕТАЛЛСЕРВИС АО,"ГОСТ 1050-2013/ГОСТ 7417-75 круг 50,0мм ст.45 h11 В НГ Н/Д консервация без упаковки",Круг,ст.45,50,НД,5,5,4,"1,159","0,151","0,008","0,969","Круг г/к 52,0мм ст.45 В1 2ГП НД,",круг,ГОСТ 1050-2013 / ГОСТ 2590-2006,ст.45,52,НД,"4,00","4,00","0,00",,,,,,,,,,,,,
550,30.04.2026,АР-117/0002,МЕТАЛЛСЕРВИС АО,"ГОСТ 1050-2013/ГОСТ 7417-75 круг 60,0мм ст.45 h11 В НГ Н/Д консервация без упаковки",Круг,ст.45,60,НД,2,2,0,"2,064",0,0,0,,,,,,,,,,,,,,,,,,,,,,
553,11.05.2026,АР-113/0001,ВОСТОКЭНЕРГО ООО,"ГОСТ 4543-2016/ГОСТ 7417-75 круг 50,0мм ст.40Х h9 В МД 4000 НГ консервация м/упаковка",Круг,ст.40Х,50,МД 6000,"1,233","1,233",0,"1,29",0,0,0,,,,,,,,,,,,,,,,,,,,,,
554,11.05.2026,АР-113/0001,ВОСТОКЭНЕРГО ООО,"ГОСТ 4543-2016/ГОСТ 7417-75 круг 60,0мм ст.40Х h9 В МД 4000 НГ консервация м/упаковка",Круг,ст.40Х,60,МД 6000,"1,331","1,331",0,"1,374",0,0,0,,,,,,,,,,,,,,,,,,,,,,
557,28.05.2026,АР-119/0001,ООО ПРОМКАЛИБР,"ГОСТ 1050-2013/ГОСТ 7417-75 круг 14,5мм ст.45 h11 В НГ Н/Д консервация без упаковки",Круг,ст.45,"14,5",НД,5,5,"5,158",0,"0,151","0,007","0,969","Круг г/к 16,0мм ст.45 В1 2ГП НД,",круг,ГОСТ 1050-2013 / ГОСТ 2590-2006,ст.45,16,НД,"17,98","5,16","12,82",,,,,,,,,,,,,
558,28.05.2026,АР-119/0001,ООО ПРОМКАЛИБР,"ГОСТ 1050-2013/ГОСТ 7417-75 круг 21,0мм ст.20 h11 В НГ НД консервация без упаковки",Круг,ст.20,21,НД,2,2,0,"2,064",0,0,0,,,,,,,,,,,,,,,,,,,,,,
559,28.05.2026,АР-119/0001,ООО ПРОМКАЛИБР,"ГОСТ 1050-2013/ГОСТ 7417-75 круг 20,0мм ст.20 h11 В НГ Н/Д консервация без упаковки",Круг,ст.20,20,НД,3,3,0,"3,096",0,0,0,,,,,,,,,,,,,,,,,,,,,,
560,28.05.2026,АР-119/0001,ООО ПРОМКАЛИБР,"ГОСТ 1050-2013/ГОСТ 7417-75 круг 25,0мм ст.35 h11 В НГ Н/Д консервация без упаковки",Круг,ст.35,25,НД,2,2,0,"2,064",0,0,0,,,,,,,,,,,,,,,,,,,,,,
561,28.05.2026,АР-119/0001,ООО ПРОМКАЛИБР,"ГОСТ 4543-2016/ГОСТ 7417-75 круг 27,65мм ст.40Х h11 В НГ Н/Д консервация без упаковки",Круг,ст.40Х,"27,6",НД,2,2,0,"2,063",0,0,0,,,,,,,,,,,,,,,,,,,,,,
562,28.05.2026,АР-119/0001,ООО ПРОМКАЛИБР,"ГОСТ 1414-75/ГОСТ 8560-78 шестигранник 17,0мм ст.А12 h11 В НГ Н/Д консервация без упаковки",Шестигранник,ст.А12,17,НД,3,3,0,"3,104",0,0,0,,,,,,,,,,,,,,,,,,,,,,
565,11.05.2026,АР-119/0002,ООО ИСКУССТВО ЛИНИЙ,"ГОСТ 1050-2013/ГОСТ 7417-75 круг 60,0мм ст.35 h11 В НГ Н/Д консервация без упаковки",Круг,ст.35,60,НД,6,6,0,"6,191",0,0,0,,,,,,,,,,,,,,,,,,,,,,
566,11.05.2026,АР-119/0002,ООО ИСКУССТВО ЛИНИЙ,"ГОСТ 4543-2016/ГОСТ 8560-78 шестигранник 32,0мм ст.40Хх6000 h11 В НГ М/Д консервация без упаковки",Шестигранник,ст.40Х,32,МД 6000,2,2,0,"2,091",0,0,0,,,,,,,,,,,,,,,,,,,,,,
